effect,rho,model,mean,std,n,mean_std
CS_cond,0.02,CC,-0.003503525215768425,0.010755164497065931,8,-0.004 ± 0.011
CS_cond,0.02,CT,-0.00328304687238125,0.006145331721826128,8,-0.003 ± 0.006
CS_cond,0.02,CTCT,0.0009634772119551753,0.009923202913602238,8,0.001 ± 0.010
CS_cond,0.02,GlobalLSTM,0.00040568242334382493,0.007014709731146061,8,0.000 ± 0.007
CS_cond,0.02,Lasso,-0.0028606836050400373,0.010737649731010778,8,-0.003 ± 0.011
CS_cond,0.02,MLP,-0.001828518632521225,0.011041072633398834,8,-0.002 ± 0.011
CS_cond,0.02,NBEATSx,-0.008893478014836175,0.016932202874732787,8,-0.009 ± 0.017
CS_cond,0.02,TC,0.00020310495356320004,0.007746362326147021,8,0.000 ± 0.008
CS_cond,0.02,TCTC,0.0020848109699921503,0.010481732742315926,8,0.002 ± 0.010
CS_cond,0.02,TCTCTC,-0.0009976222950523503,0.00698841904011604,8,-0.001 ± 0.007
CS_cond,0.02,TCTCTCTC,0.0049678358468374,0.010025165325236328,8,0.005 ± 0.010
CS_cond,0.02,TFT,-0.006149341766542699,0.01751328607802009,8,-0.006 ± 0.018
CS_cond,0.02,TT,-8.65352700963499e-05,0.007594010472530983,8,-0.000 ± 0.008
CS_cond,0.02,TheoC,,,0,—
CS_cond,0.02,TiDE,-0.003086957475178162,0.020208890234000156,8,-0.003 ± 0.020
CS_cond,0.05,CC,0.008121606610349675,0.013341794127385063,8,0.008 ± 0.013
CS_cond,0.05,CT,0.004297403513786612,0.011220354795401889,8,0.004 ± 0.011
CS_cond,0.05,CTCT,0.006423693478513213,0.008208751408117682,8,0.006 ± 0.008
CS_cond,0.05,GlobalLSTM,-0.0013063104366132878,0.012295133149739476,8,-0.001 ± 0.012
CS_cond,0.05,Lasso,0.001889251272167525,0.004132850689218058,8,0.002 ± 0.004
CS_cond,0.05,MLP,0.002724032781893625,0.008082921574089984,8,0.003 ± 0.008
CS_cond,0.05,NBEATSx,-0.006259774463265338,0.019641832111197865,8,-0.006 ± 0.020
CS_cond,0.05,TC,0.0008699931911831504,0.014369048493347475,8,0.001 ± 0.014
CS_cond,0.05,TCTC,0.005427926458010112,0.011266325153642046,8,0.005 ± 0.011
CS_cond,0.05,TCTCTC,0.0034740865726907,0.00846774054026849,8,0.003 ± 0.008
CS_cond,0.05,TCTCTCTC,0.014591679914137975,0.011588035960597258,8,0.015 ± 0.012
CS_cond,0.05,TFT,0.0013731941400502872,0.012682984681451594,8,0.001 ± 0.013
CS_cond,0.05,TT,0.000379591260044275,0.011944956345365527,8,0.000 ± 0.012
CS_cond,0.05,TheoC,,,0,—
CS_cond,0.05,TiDE,-0.00465446640410745,0.01675048909472799,8,-0.005 ± 0.017
CS_cond,0.1,CC,0.011149503452542087,0.01709213579945547,8,0.011 ± 0.017
CS_cond,0.1,CT,9.439746962359996e-05,0.014866760030605136,8,0.000 ± 0.015
CS_cond,0.1,CTCT,0.0076327773568096125,0.020075096170187618,8,0.008 ± 0.020
CS_cond,0.1,GlobalLSTM,0.004153495723945188,0.006199826861711442,8,0.004 ± 0.006
CS_cond,0.1,Lasso,0.0027215865115138745,0.011506324696911957,8,0.003 ± 0.012
CS_cond,0.1,MLP,0.003828345301301038,0.00830826472465738,8,0.004 ± 0.008
CS_cond,0.1,NBEATSx,0.002452493925320462,0.01539095256252801,8,0.002 ± 0.015
CS_cond,0.1,TC,0.004006660018012537,0.010383508726146129,8,0.004 ± 0.010
CS_cond,0.1,TCTC,0.0092780695423873,0.013876656503979332,8,0.009 ± 0.014
CS_cond,0.1,TCTCTC,0.009441964222360063,0.009319114980137346,8,0.009 ± 0.009
CS_cond,0.1,TCTCTCTC,0.0208492701562702,0.018188740915791406,8,0.021 ± 0.018
CS_cond,0.1,TFT,-0.0031245359611846626,0.007908568498484427,8,-0.003 ± 0.008
CS_cond,0.1,TT,-0.0020309425409771875,0.008301757261606002,8,-0.002 ± 0.008
CS_cond,0.1,TheoC,,,0,—
CS_cond,0.1,TiDE,0.0016429508298569002,0.008191864150420414,8,0.002 ± 0.008
CS_cond,0.2,CC,0.03625334826434626,0.036899726007828926,8,0.036 ± 0.037
CS_cond,0.2,CT,0.02345565158666635,0.018497741448084616,8,0.023 ± 0.018
CS_cond,0.2,CTCT,0.02360273808539775,0.021804598629072566,8,0.024 ± 0.022
CS_cond,0.2,GlobalLSTM,0.004886113697652025,0.011439870440307795,8,0.005 ± 0.011
CS_cond,0.2,Lasso,-0.0004619393950403749,0.00671840885317806,8,-0.000 ± 0.007
CS_cond,0.2,MLP,0.0009610919840671,0.005273684716811762,8,0.001 ± 0.005
CS_cond,0.2,NBEATSx,0.00913004248140355,0.01571377254236114,8,0.009 ± 0.016
CS_cond,0.2,TC,0.03121518784864071,0.021774204924018884,8,0.031 ± 0.022
CS_cond,0.2,TCTC,0.04814832629732462,0.028802431964353493,8,0.048 ± 0.029
CS_cond,0.2,TCTCTC,0.036825736709110726,0.023346384180421998,8,0.037 ± 0.023
CS_cond,0.2,TCTCTCTC,0.04645161929416534,0.027037176949674335,8,0.046 ± 0.027
CS_cond,0.2,TFT,-0.004865208902257676,0.026275743372827176,8,-0.005 ± 0.026
CS_cond,0.2,TT,0.007189870995275525,0.005615245168753971,8,0.007 ± 0.006
CS_cond,0.2,TheoC,,,0,—
CS_cond,0.2,TiDE,-0.006350187518211062,0.027180382615173287,8,-0.006 ± 0.027
CS_cond,0.5,CC,0.21722665803998728,0.05836173908967141,8,0.217 ± 0.058
CS_cond,0.5,CT,0.13052775602956243,0.0793075103259164,8,0.131 ± 0.079
CS_cond,0.5,CTCT,0.21487602276807533,0.05668710997495395,8,0.215 ± 0.057
CS_cond,0.5,GlobalLSTM,0.0094125849163167,0.00883203362721135,8,0.009 ± 0.009
CS_cond,0.5,Lasso,-0.0007289730579473877,0.00834731852536734,8,-0.001 ± 0.008
CS_cond,0.5,MLP,0.006924499002493525,0.005908674344485599,8,0.007 ± 0.006
CS_cond,0.5,NBEATSx,0.0105536502461686,0.01592825596334508,8,0.011 ± 0.016
CS_cond,0.5,TC,0.18634245449648942,0.10935070729413532,8,0.186 ± 0.109
CS_cond,0.5,TCTC,0.2529505935668145,0.046064012405138625,8,0.253 ± 0.046
CS_cond,0.5,TCTCTC,0.2777203185545604,0.056154765786656013,8,0.278 ± 0.056
CS_cond,0.5,TCTCTCTC,0.2728439648163034,0.0353429181512668,8,0.273 ± 0.035
CS_cond,0.5,TFT,0.014362212953516501,0.020887552213250088,8,0.014 ± 0.021
CS_cond,0.5,TT,0.0033414363412541254,0.006585373164366952,8,0.003 ± 0.007
CS_cond,0.5,TheoC,,,0,—
CS_cond,0.5,TiDE,0.01061034993703015,0.02440521774791013,8,0.011 ± 0.024
CS_shift,0.02,CC,0.04739735910167266,0.057091122189699896,8,0.047 ± 0.057
CS_shift,0.02,CT,0.0148533547792212,0.017457911271132838,8,0.015 ± 0.017
CS_shift,0.02,CTCT,0.02662340510398111,0.021395055546935885,8,0.027 ± 0.021
CS_shift,0.02,GlobalLSTM,0.028856244117940313,0.011108165218889006,8,0.029 ± 0.011
CS_shift,0.02,Lasso,0.005645260377773163,0.015009867932545889,8,0.006 ± 0.015
CS_shift,0.02,MLP,0.015804615210517063,0.0042238728242569145,8,0.016 ± 0.004
CS_shift,0.02,NBEATSx,-0.006523768191052387,0.016508230876742115,8,-0.007 ± 0.017
CS_shift,0.02,TC,0.025187541082144077,0.04446505677152846,8,0.025 ± 0.044
CS_shift,0.02,TCTC,0.0313868532738197,0.01666210950764867,8,0.031 ± 0.017
CS_shift,0.02,TCTCTC,0.030590139344132638,0.028819755500079598,8,0.031 ± 0.029
CS_shift,0.02,TCTCTCTC,0.016921649293752675,0.017520078015026745,8,0.017 ± 0.018
CS_shift,0.02,TFT,0.0052165773681792,0.020135146864804297,8,0.005 ± 0.020
CS_shift,0.02,TT,-3.748298404947494e-05,0.005745350341259933,8,-0.000 ± 0.006
CS_shift,0.02,TheoC,,,0,—
CS_shift,0.02,TiDE,0.011074503771574888,0.019770385642769266,8,0.011 ± 0.020
CS_shift,0.05,CC,0.1135537737895673,0.07694912101129527,8,0.114 ± 0.077
CS_shift,0.05,CT,0.07695217943881594,0.05120234989309075,8,0.077 ± 0.051
CS_shift,0.05,CTCT,0.10866842572578371,0.06125696060061598,8,0.109 ± 0.061
CS_shift,0.05,GlobalLSTM,0.05449292618570729,0.019872101196119464,8,0.054 ± 0.020
CS_shift,0.05,Lasso,0.04260284129411055,0.030698852088423552,8,0.043 ± 0.031
CS_shift,0.05,MLP,0.050543493030807976,0.00828539344256187,8,0.051 ± 0.008
CS_shift,0.05,NBEATSx,-0.005385723147216424,0.016355449599818068,8,-0.005 ± 0.016
CS_shift,0.05,TC,0.09960546481609923,0.07241307536800864,8,0.100 ± 0.072
CS_shift,0.05,TCTC,0.066796034977031,0.04731359044823022,8,0.067 ± 0.047
CS_shift,0.05,TCTCTC,0.06267577568359914,0.05345254173217721,8,0.063 ± 0.053
CS_shift,0.05,TCTCTCTC,0.10150348635074062,0.03534163338883726,8,0.102 ± 0.035
CS_shift,0.05,TFT,0.0011369287971126376,0.016373972839911283,8,0.001 ± 0.016
CS_shift,0.05,TT,-0.0026384507719234,0.005684903346710069,8,-0.003 ± 0.006
CS_shift,0.05,TheoC,,,0,—
CS_shift,0.05,TiDE,0.0019188460654515245,0.01196482510964816,8,0.002 ± 0.012
CS_shift,0.1,CC,0.30741296336872087,0.04403640448542134,8,0.307 ± 0.044
CS_shift,0.1,CT,0.1925147133747952,0.09645516760929099,8,0.193 ± 0.096
CS_shift,0.1,CTCT,0.28306157694346307,0.0595868837852129,8,0.283 ± 0.060
CS_shift,0.1,GlobalLSTM,0.1374634706899849,0.024138614238881147,8,0.137 ± 0.024
CS_shift,0.1,Lasso,0.2921131260292806,0.07463419296832619,8,0.292 ± 0.075
CS_shift,0.1,MLP,0.10212962468476101,0.009610038382915612,8,0.102 ± 0.010
CS_shift,0.1,NBEATSx,-0.012167690892918012,0.025618124635293803,8,-0.012 ± 0.026
CS_shift,0.1,TC,0.2612013317778084,0.06634721214128848,8,0.261 ± 0.066
CS_shift,0.1,TCTC,0.2658895735815396,0.05567324776802194,8,0.266 ± 0.056
CS_shift,0.1,TCTCTC,0.24835087713871143,0.12522248691616256,8,0.248 ± 0.125
CS_shift,0.1,TCTCTCTC,0.25460446437353706,0.0989667850678256,8,0.255 ± 0.099
CS_shift,0.1,TFT,-0.004277160342157162,0.02194745853189254,8,-0.004 ± 0.022
CS_shift,0.1,TT,-0.0002275193518587251,0.007481109807153768,8,-0.000 ± 0.007
CS_shift,0.1,TheoC,,,0,—
CS_shift,0.1,TiDE,-6.608934785183682e-05,0.0194937914927248,8,-0.000 ± 0.019
CS_shift,0.2,CC,0.5388830904339256,0.04934760626944636,8,0.539 ± 0.049
CS_shift,0.2,CT,0.4654664393720723,0.06071076708114835,8,0.465 ± 0.061
CS_shift,0.2,CTCT,0.5125041569440144,0.04891188050550509,8,0.513 ± 0.049
CS_shift,0.2,GlobalLSTM,0.34822561772118193,0.031564200736088094,8,0.348 ± 0.032
CS_shift,0.2,Lasso,0.8645466686012279,0.014912138195898634,8,0.865 ± 0.015
CS_shift,0.2,MLP,0.1986068959103158,0.01191803910665061,8,0.199 ± 0.012
CS_shift,0.2,NBEATSx,-0.006186229114461338,0.012176946805476306,8,-0.006 ± 0.012
CS_shift,0.2,TC,0.47936681946968623,0.06040855510337305,8,0.479 ± 0.060
CS_shift,0.2,TCTC,0.5451141370988022,0.052208856207748254,8,0.545 ± 0.052
CS_shift,0.2,TCTCTC,0.5405269429865293,0.027382037069546394,8,0.541 ± 0.027
CS_shift,0.2,TCTCTCTC,0.5621860631731234,0.02468054500276085,8,0.562 ± 0.025
CS_shift,0.2,TFT,-0.0029377213534916256,0.02035791690191005,8,-0.003 ± 0.020
CS_shift,0.2,TT,0.0008286426163922871,0.007914225501084669,8,0.001 ± 0.008
CS_shift,0.2,TheoC,,,0,—
CS_shift,0.2,TiDE,-0.0029987696952099,0.02140907493776495,8,-0.003 ± 0.021
CS_shift,0.5,CC,0.8579557917641264,0.02234834782697691,8,0.858 ± 0.022
CS_shift,0.5,CT,0.6650508070242187,0.026921646693233978,8,0.665 ± 0.027
CS_shift,0.5,CTCT,0.861783174018144,0.020245978458754994,8,0.862 ± 0.020
CS_shift,0.5,GlobalLSTM,0.8667622086663439,0.009719247514358724,8,0.867 ± 0.010
CS_shift,0.5,Lasso,0.9911918128698298,0.0007389950115739119,8,0.991 ± 0.001
CS_shift,0.5,MLP,0.4245612023735002,0.004463061304520093,8,0.425 ± 0.004
CS_shift,0.5,NBEATSx,-0.011579853541027,0.016299844812642593,8,-0.012 ± 0.016
CS_shift,0.5,TC,0.73311550486071,0.03660142009533564,8,0.733 ± 0.037
CS_shift,0.5,TCTC,0.8691267921270429,0.014367410743786642,8,0.869 ± 0.014
CS_shift,0.5,TCTCTC,0.8803514764196821,0.011584246007976124,8,0.880 ± 0.012
CS_shift,0.5,TCTCTCTC,0.8829597558142647,0.014952931075883564,8,0.883 ± 0.015
CS_shift,0.5,TFT,-0.0004240701513703747,0.015388790791721028,8,-0.000 ± 0.015
CS_shift,0.5,TT,-0.0004077631962108876,0.005911108959587304,8,-0.000 ± 0.006
CS_shift,0.5,TheoC,,,0,—
CS_shift,0.5,TiDE,-0.002059822160833075,0.020311084315473484,8,-0.002 ± 0.020
TSCS_shift,0.02,CC,-2.727918779163731e-05,0.007752748754645509,8,-0.000 ± 0.008
TSCS_shift,0.02,CT,-0.0041626072789033375,0.005235291822128513,8,-0.004 ± 0.005
TSCS_shift,0.02,CTCT,0.00404347566874585,0.007801263476230329,8,0.004 ± 0.008
TSCS_shift,0.02,GlobalLSTM,0.01722671181180135,0.01255938292451253,8,0.017 ± 0.013
TSCS_shift,0.02,Lasso,0.01691355569149184,0.031812541621681095,8,0.017 ± 0.032
TSCS_shift,0.02,MLP,0.017611440357685137,0.013622347713995939,8,0.018 ± 0.014
TSCS_shift,0.02,NBEATSx,0.0034914068999935,0.01267247547491865,8,0.003 ± 0.013
TSCS_shift,0.02,TC,0.0007471505396832749,0.008209944106091858,8,0.001 ± 0.008
TSCS_shift,0.02,TCTC,-0.0009073702699106249,0.005173569255422188,8,-0.001 ± 0.005
TSCS_shift,0.02,TCTCTC,0.0012978333820020003,0.010244416564813709,8,0.001 ± 0.010
TSCS_shift,0.02,TCTCTCTC,0.002364152399502775,0.008587243585669077,8,0.002 ± 0.009
TSCS_shift,0.02,TFT,0.006338159162854413,0.013570147363322505,8,0.006 ± 0.014
TSCS_shift,0.02,TT,0.00026788229952109987,0.006689245843315667,8,0.000 ± 0.007
TSCS_shift,0.02,TheoC,,,0,—
TSCS_shift,0.02,TiDE,0.0064722682422574,0.018248478311894446,8,0.006 ± 0.018
TSCS_shift,0.05,CC,0.004343979903793825,0.007686723047028411,8,0.004 ± 0.008
TSCS_shift,0.05,CT,-0.00121841641130185,0.006410780651631266,8,-0.001 ± 0.006
TSCS_shift,0.05,CTCT,-0.0011822566843783,0.007286022433057645,8,-0.001 ± 0.007
TSCS_shift,0.05,GlobalLSTM,0.03490316350012096,0.02233512078042045,8,0.035 ± 0.022
TSCS_shift,0.05,Lasso,0.04726032661847902,0.04091910842669548,8,0.047 ± 0.041
TSCS_shift,0.05,MLP,0.05016801190212877,0.01699490440193596,8,0.050 ± 0.017
TSCS_shift,0.05,NBEATSx,0.00415899319374345,0.017214666485114577,8,0.004 ± 0.017
TSCS_shift,0.05,TC,-0.0029299809264627125,0.0041011845303066214,8,-0.003 ± 0.004
TSCS_shift,0.05,TCTC,0.0017131977928992626,0.006834590275612885,8,0.002 ± 0.007
TSCS_shift,0.05,TCTCTC,0.001068616595697825,0.010623687305595288,8,0.001 ± 0.011
TSCS_shift,0.05,TCTCTCTC,0.0013036480687529124,0.00586425506604222,8,0.001 ± 0.006
TSCS_shift,0.05,TFT,-0.0010515762838963626,0.012123142220859955,8,-0.001 ± 0.012
TSCS_shift,0.05,TT,0.0037050659490778376,0.006528015725385624,8,0.004 ± 0.007
TSCS_shift,0.05,TheoC,,,0,—
TSCS_shift,0.05,TiDE,0.005489577622773301,0.015025334320773586,8,0.005 ± 0.015
TSCS_shift,0.1,CC,0.0045145160753755995,0.010865339319065914,8,0.005 ± 0.011
TSCS_shift,0.1,CT,-0.0018623697485262128,0.0038143957420068726,8,-0.002 ± 0.004
TSCS_shift,0.1,CTCT,0.001712856290322,0.008845703276205482,8,0.002 ± 0.009
TSCS_shift,0.1,GlobalLSTM,0.06997759682889533,0.025245030503577414,8,0.070 ± 0.025
TSCS_shift,0.1,Lasso,0.2924728216705965,0.11386377507415808,8,0.292 ± 0.114
TSCS_shift,0.1,MLP,0.10263940730105185,0.013069394938989716,8,0.103 ± 0.013
TSCS_shift,0.1,NBEATSx,0.00374594555964365,0.025551068045901702,8,0.004 ± 0.026
TSCS_shift,0.1,TC,-0.005765720543364875,0.00832862416358016,8,-0.006 ± 0.008
TSCS_shift,0.1,TCTC,0.0012222323965571497,0.007950750310969014,8,0.001 ± 0.008
TSCS_shift,0.1,TCTCTC,-0.0010421139741535997,0.005662574198396082,8,-0.001 ± 0.006
TSCS_shift,0.1,TCTCTCTC,-0.0039169284378268625,0.009467227426603062,8,-0.004 ± 0.009
TSCS_shift,0.1,TFT,0.00929842482708205,0.021765491473714503,8,0.009 ± 0.022
TSCS_shift,0.1,TT,-0.0007155951158531624,0.008954281729896804,8,-0.001 ± 0.009
TSCS_shift,0.1,TheoC,,,0,—
TSCS_shift,0.1,TiDE,0.006391109879303913,0.022310534794792333,8,0.006 ± 0.022
TSCS_shift,0.2,CC,0.0008168612963801249,0.0053089985326157,8,0.001 ± 0.005
TSCS_shift,0.2,CT,0.00081941863124795,0.010179287276621303,8,0.001 ± 0.010
TSCS_shift,0.2,CTCT,0.0037714902751556497,0.00544538517400339,8,0.004 ± 0.005
TSCS_shift,0.2,GlobalLSTM,0.12825547063251502,0.03527712637034676,8,0.128 ± 0.035
TSCS_shift,0.2,Lasso,0.8592382268035974,0.03600133594355175,8,0.859 ± 0.036
TSCS_shift,0.2,MLP,0.19148286875936463,0.01089275672823015,8,0.191 ± 0.011
TSCS_shift,0.2,NBEATSx,0.0017630128798313371,0.021498504670026453,8,0.002 ± 0.021
TSCS_shift,0.2,TC,0.006394566998018288,0.011632386081606525,8,0.006 ± 0.012
TSCS_shift,0.2,TCTC,0.004261175862743075,0.010148349098143503,8,0.004 ± 0.010
TSCS_shift,0.2,TCTCTC,0.0021646791162555,0.010196566813089595,8,0.002 ± 0.010
TSCS_shift,0.2,TCTCTCTC,0.004204259161674113,0.00801436381528831,8,0.004 ± 0.008
TSCS_shift,0.2,TFT,0.002451961105678766,0.014123550533633723,8,0.002 ± 0.014
TSCS_shift,0.2,TT,0.00149849287381735,0.004584068923972461,8,0.001 ± 0.005
TSCS_shift,0.2,TheoC,,,0,—
TSCS_shift,0.2,TiDE,0.004236723338586587,0.011780894128138295,8,0.004 ± 0.012
TSCS_shift,0.5,CC,0.006321380030221037,0.009974298047779747,8,0.006 ± 0.010
TSCS_shift,0.5,CT,0.020900640201656735,0.023038170076547546,8,0.021 ± 0.023
TSCS_shift,0.5,CTCT,0.10553455616065421,0.12774363845932252,8,0.106 ± 0.128
TSCS_shift,0.5,GlobalLSTM,0.30295038960533904,0.05122482350305014,8,0.303 ± 0.051
TSCS_shift,0.5,Lasso,0.9913275394338832,0.0015176395031830667,8,0.991 ± 0.002
TSCS_shift,0.5,MLP,0.42258977976698014,0.007472751975504251,8,0.423 ± 0.007
TSCS_shift,0.5,NBEATSx,0.00389150515762775,0.011333799503392205,8,0.004 ± 0.011
TSCS_shift,0.5,TC,0.015347017571284913,0.013965208951266513,8,0.015 ± 0.014
TSCS_shift,0.5,TCTC,0.10674818660092002,0.12751021240541938,8,0.107 ± 0.128
TSCS_shift,0.5,TCTCTC,0.09267594580580168,0.14107029210932692,8,0.093 ± 0.141
TSCS_shift,0.5,TCTCTCTC,0.10204425944945149,0.12950494748526295,8,0.102 ± 0.130
TSCS_shift,0.5,TFT,-0.0014057411799219877,0.01854267091080859,8,-0.001 ± 0.019
TSCS_shift,0.5,TT,0.003589267261263575,0.0091582830998578,8,0.004 ± 0.009
TSCS_shift,0.5,TheoC,,,0,—
TSCS_shift,0.5,TiDE,-0.0019546124288350626,0.010265713149607475,8,-0.002 ± 0.010
TS_cond,0.02,CC,-3.0243474327823928e-05,0.008323279688935445,8,-0.000 ± 0.008
TS_cond,0.02,CT,0.0021533035825934497,0.006008171306464756,8,0.002 ± 0.006
TS_cond,0.02,CTCT,0.003062474182150925,0.007669722523661632,8,0.003 ± 0.008
TS_cond,0.02,GlobalLSTM,-0.004053287404677362,0.012160518089631199,8,-0.004 ± 0.012
TS_cond,0.02,Lasso,0.0020533513402250375,0.006420238715938058,8,0.002 ± 0.006
TS_cond,0.02,MLP,0.0009015876638886751,0.00946337299736194,8,0.001 ± 0.009
TS_cond,0.02,NBEATSx,0.021367319130554514,0.020400901209102974,8,0.021 ± 0.020
TS_cond,0.02,TC,0.0010202646930503995,0.00974802228146893,8,0.001 ± 0.010
TS_cond,0.02,TCTC,0.0012519266549322625,0.008009131457297133,8,0.001 ± 0.008
TS_cond,0.02,TCTCTC,0.008418884277330308,0.012592395320072633,8,0.008 ± 0.013
TS_cond,0.02,TCTCTCTC,0.0021114904795408377,0.011225158689720962,8,0.002 ± 0.011
TS_cond,0.02,TFT,-0.0042586251805389625,0.018550961552955745,8,-0.004 ± 0.019
TS_cond,0.02,TT,0.008309417688650388,0.014368069222002632,8,0.008 ± 0.014
TS_cond,0.02,TheoC,,,0,—
TS_cond,0.02,TiDE,-0.006384350116821412,0.01615183485010575,8,-0.006 ± 0.016
TS_cond,0.05,CC,-0.0030715951474164,0.005492888405562669,8,-0.003 ± 0.005
TS_cond,0.05,CT,-0.0008039367741455875,0.006508457685914944,8,-0.001 ± 0.007
TS_cond,0.05,CTCT,0.004761762971814175,0.005154795057393173,8,0.005 ± 0.005
TS_cond,0.05,GlobalLSTM,-0.003989867970003275,0.012302543148039061,8,-0.004 ± 0.012
TS_cond,0.05,Lasso,0.0021631857393036628,0.006430715381189272,8,0.002 ± 0.006
TS_cond,0.05,MLP,0.0009346012833392999,0.009331465145849096,8,0.001 ± 0.009
TS_cond,0.05,NBEATSx,0.04714452224015615,0.02448687143279272,8,0.047 ± 0.024
TS_cond,0.05,TC,0.0074877974264779875,0.011747000796272174,8,0.007 ± 0.012
TS_cond,0.05,TCTC,0.005224638508653425,0.007665319484794638,8,0.005 ± 0.008
TS_cond,0.05,TCTCTC,0.006963921959481737,0.007360237558544284,8,0.007 ± 0.007
TS_cond,0.05,TCTCTCTC,0.0014958008726008248,0.010066849850356364,8,0.001 ± 0.010
TS_cond,0.05,TFT,0.0036214263540877006,0.01943291390707154,8,0.004 ± 0.019
TS_cond,0.05,TT,0.008716024663967651,0.013407177479991633,8,0.009 ± 0.013
TS_cond,0.05,TheoC,,,0,—
TS_cond,0.05,TiDE,-0.006654195778053538,0.01645848841410687,8,-0.007 ± 0.016
TS_cond,0.1,CC,0.002846499602081962,0.008723038394316077,8,0.003 ± 0.009
TS_cond,0.1,CT,0.0102192100687246,0.008321896041835072,8,0.010 ± 0.008
TS_cond,0.1,CTCT,0.0025892271335109874,0.007804446197155139,8,0.003 ± 0.008
TS_cond,0.1,GlobalLSTM,-0.0036756727158835747,0.012585676038455987,8,-0.004 ± 0.013
TS_cond,0.1,Lasso,0.0026650838562601877,0.006690984617372684,8,0.003 ± 0.007
TS_cond,0.1,MLP,0.0015603437025308248,0.009444252488931475,8,0.002 ± 0.009
TS_cond,0.1,NBEATSx,0.08815450084782102,0.019184857199656225,8,0.088 ± 0.019
TS_cond,0.1,TC,0.010585916410584,0.017357875539602666,8,0.011 ± 0.017
TS_cond,0.1,TCTC,0.004047912878030287,0.00937370184332838,8,0.004 ± 0.009
TS_cond,0.1,TCTCTC,0.005846426412113388,0.008437523640391605,8,0.006 ± 0.008
TS_cond,0.1,TCTCTCTC,0.004566843997964888,0.010455794035165528,8,0.005 ± 0.010
TS_cond,0.1,TFT,0.008769274840712162,0.023510986801056684,8,0.009 ± 0.024
TS_cond,0.1,TT,0.024233119330451615,0.05119549537698331,8,0.024 ± 0.051
TS_cond,0.1,TheoC,,,0,—
TS_cond,0.1,TiDE,-0.007133727191106699,0.01704049510835769,8,-0.007 ± 0.017
TS_cond,0.2,CC,-0.0007894358624388625,0.006510259382138822,8,-0.001 ± 0.007
TS_cond,0.2,CT,0.03905790503206051,0.0523165272088384,8,0.039 ± 0.052
TS_cond,0.2,CTCT,0.035020307978590175,0.04410971037793994,8,0.035 ± 0.044
TS_cond,0.2,GlobalLSTM,-0.0008574699204179873,0.008979382480749611,8,-0.001 ± 0.009
TS_cond,0.2,Lasso,0.002316429594457575,0.006775649593839679,8,0.002 ± 0.007
TS_cond,0.2,MLP,0.0021888551439315875,0.00988704275305791,8,0.002 ± 0.010
TS_cond,0.2,NBEATSx,0.1587757216771357,0.018095696197254593,8,0.159 ± 0.018
TS_cond,0.2,TC,0.02354810786877275,0.030481154672639905,8,0.024 ± 0.030
TS_cond,0.2,TCTC,0.026999719773658774,0.03557298796333524,8,0.027 ± 0.036
TS_cond,0.2,TCTCTC,0.017028042117988862,0.020672728261199102,8,0.017 ± 0.021
TS_cond,0.2,TCTCTCTC,0.021778261307244275,0.02442787277138365,8,0.022 ± 0.024
TS_cond,0.2,TFT,0.026915767540379977,0.04598379492466317,8,0.027 ± 0.046
TS_cond,0.2,TT,0.08944741106259764,0.09247135277648018,8,0.089 ± 0.092
TS_cond,0.2,TheoC,,,0,—
TS_cond,0.2,TiDE,-0.008047050066997163,0.018029768755706874,8,-0.008 ± 0.018
TS_cond,0.5,CC,0.005612276247225338,0.0051379451088060584,8,0.006 ± 0.005
TS_cond,0.5,CT,0.31709036288634607,0.1346522403428766,8,0.317 ± 0.135
TS_cond,0.5,CTCT,0.2986135765042041,0.14221092913663425,8,0.299 ± 0.142
TS_cond,0.5,GlobalLSTM,0.00037285116294405007,0.00843323555806905,8,0.000 ± 0.008
TS_cond,0.5,Lasso,0.0034113487400189873,0.0072797227634561175,8,0.003 ± 0.007
TS_cond,0.5,MLP,0.0043849718155991625,0.009570083948231523,8,0.004 ± 0.010
TS_cond,0.5,NBEATSx,0.36911488723052643,0.010594182918783057,8,0.369 ± 0.011
TS_cond,0.5,TC,0.21629739254886063,0.1255906008624654,8,0.216 ± 0.126
TS_cond,0.5,TCTC,0.2732495803233715,0.1284547888588742,8,0.273 ± 0.128
TS_cond,0.5,TCTCTC,0.282725859431672,0.11399759793532042,8,0.283 ± 0.114
TS_cond,0.5,TCTCTCTC,0.28634568185600673,0.10129307918296881,8,0.286 ± 0.101
TS_cond,0.5,TFT,0.1134038798850691,0.10693168828799737,8,0.113 ± 0.107
TS_cond,0.5,TT,0.38480193642833327,0.0965794341039481,8,0.385 ± 0.097
TS_cond,0.5,TheoC,,,0,—
TS_cond,0.5,TiDE,-0.0108664882530031,0.019884164140346508,8,-0.011 ± 0.020
TS_shift,0.02,CC,0.002962959883690475,0.008637454374570657,8,0.003 ± 0.009
TS_shift,0.02,CT,0.0023554729537941126,0.012908466034774163,8,0.002 ± 0.013
TS_shift,0.02,CTCT,0.014163498531646612,0.01856408779210187,8,0.014 ± 0.019
TS_shift,0.02,GlobalLSTM,0.013619209102316737,0.0137939897252402,8,0.014 ± 0.014
TS_shift,0.02,Lasso,0.0038739372414034246,0.009038778398918645,8,0.004 ± 0.009
TS_shift,0.02,MLP,0.0151240636215433,0.009694394316891994,8,0.015 ± 0.010
TS_shift,0.02,NBEATSx,0.023831103416804375,0.023252785337216055,8,0.024 ± 0.023
TS_shift,0.02,TC,0.00774080045717505,0.010972620751178552,8,0.008 ± 0.011
TS_shift,0.02,TCTC,0.014430163837075925,0.016424757070570957,8,0.014 ± 0.016
TS_shift,0.02,TCTCTC,0.004893726124307625,0.014906460127998363,8,0.005 ± 0.015
TS_shift,0.02,TCTCTCTC,0.007852799847451937,0.0158839382973293,8,0.008 ± 0.016
TS_shift,0.02,TFT,0.013005045997580213,0.02855608109004757,8,0.013 ± 0.029
TS_shift,0.02,TT,0.017282161900378713,0.03127889844283128,8,0.017 ± 0.031
TS_shift,0.02,TheoC,,,0,—
TS_shift,0.02,TiDE,0.00724619022778357,0.022593617014608564,8,0.007 ± 0.023
TS_shift,0.05,CC,-0.001973679739003662,0.008797826868286339,8,-0.002 ± 0.009
TS_shift,0.05,CT,0.0400705659703423,0.03237669369419963,8,0.040 ± 0.032
TS_shift,0.05,CTCT,0.042877506703753426,0.05074969153218841,8,0.043 ± 0.051
TS_shift,0.05,GlobalLSTM,0.03417173371615824,0.013513796899854347,8,0.034 ± 0.014
TS_shift,0.05,Lasso,0.043393558011967676,0.034041790203167,8,0.043 ± 0.034
TS_shift,0.05,MLP,0.04590846299376325,0.009370074553486665,8,0.046 ± 0.009
TS_shift,0.05,NBEATSx,0.07041425045726118,0.030746945179419775,8,0.070 ± 0.031
TS_shift,0.05,TC,0.040491634627240154,0.05086548208762388,8,0.040 ± 0.051
TS_shift,0.05,TCTC,0.048289845533004576,0.02856803398662585,8,0.048 ± 0.029
TS_shift,0.05,TCTCTC,0.023927252318892988,0.02077033554295925,8,0.024 ± 0.021
TS_shift,0.05,TCTCTCTC,0.0285721168283553,0.023864363206024874,8,0.029 ± 0.024
TS_shift,0.05,TFT,0.03646100370229497,0.03769932026296459,8,0.036 ± 0.038
TS_shift,0.05,TT,0.07781296704267783,0.06394290461281311,8,0.078 ± 0.064
TS_shift,0.05,TheoC,,,0,—
TS_shift,0.05,TiDE,0.007134937952448463,0.022657286918496722,8,0.007 ± 0.023
TS_shift,0.1,CC,-0.0019930228599825375,0.010448205201141265,8,-0.002 ± 0.010
TS_shift,0.1,CT,0.19034952267912278,0.09327633582878439,8,0.190 ± 0.093
TS_shift,0.1,CTCT,0.1636152654225484,0.132626878239407,8,0.164 ± 0.133
TS_shift,0.1,GlobalLSTM,0.06878203341207045,0.0214892422199156,8,0.069 ± 0.021
TS_shift,0.1,Lasso,0.2814458046009875,0.04821512678099526,8,0.281 ± 0.048
TS_shift,0.1,MLP,0.0962125164504115,0.008750655970365593,8,0.096 ± 0.009
TS_shift,0.1,NBEATSx,0.1374058926362739,0.030361922282378082,8,0.137 ± 0.030
TS_shift,0.1,TC,0.17433757487494622,0.05271527418091642,8,0.174 ± 0.053
TS_shift,0.1,TCTC,0.1794649870796326,0.09759022210311868,8,0.179 ± 0.098
TS_shift,0.1,TCTCTC,0.14313586117215088,0.07865802472473732,8,0.143 ± 0.079
TS_shift,0.1,TCTCTCTC,0.11540133091827069,0.03763650285198332,8,0.115 ± 0.038
TS_shift,0.1,TFT,0.09375557311975483,0.059863900319850546,8,0.094 ± 0.060
TS_shift,0.1,TT,0.39812934128070737,0.1375457581919437,8,0.398 ± 0.138
TS_shift,0.1,TheoC,,,0,—
TS_shift,0.1,TiDE,0.006930360693823412,0.022735230842550868,8,0.007 ± 0.023
TS_shift,0.2,CC,-0.0009356875770083375,0.006559910502985288,8,-0.001 ± 0.007
TS_shift,0.2,CT,0.41112200740770394,0.10544993264677027,8,0.411 ± 0.105
TS_shift,0.2,CTCT,0.5095861257523427,0.1405442494141929,8,0.510 ± 0.141
TS_shift,0.2,GlobalLSTM,0.1356862807166257,0.03256889054340254,8,0.136 ± 0.033
TS_shift,0.2,Lasso,0.8559385997649986,0.02250704186617654,8,0.856 ± 0.023
TS_shift,0.2,MLP,0.19261202236972322,0.008289362688926123,8,0.193 ± 0.008
TS_shift,0.2,NBEATSx,0.276670664248698,0.031422363433299474,8,0.277 ± 0.031
TS_shift,0.2,TC,0.4479533054324217,0.10940794496075334,8,0.448 ± 0.109
TS_shift,0.2,TCTC,0.5207363299715217,0.1307735567739745,8,0.521 ± 0.131
TS_shift,0.2,TCTCTC,0.5533784443693716,0.10682838508382352,8,0.553 ± 0.107
TS_shift,0.2,TCTCTCTC,0.5646447029862063,0.11325370605122596,8,0.565 ± 0.113
TS_shift,0.2,TFT,0.20155039176906342,0.08493383400106899,8,0.202 ± 0.085
TS_shift,0.2,TT,0.6954560446409559,0.06789888860344517,8,0.695 ± 0.068
TS_shift,0.2,TheoC,,,0,—
TS_shift,0.2,TiDE,0.006631703545728988,0.022542836536784225,8,0.007 ± 0.023
TS_shift,0.5,CC,-0.0044742397399438,0.009758758115431554,8,-0.004 ± 0.010
TS_shift,0.5,CT,0.7913569872935049,0.05053597009195182,8,0.791 ± 0.051
TS_shift,0.5,CTCT,0.8816664075778924,0.08058012268736635,8,0.882 ± 0.081
TS_shift,0.5,GlobalLSTM,0.31102186954597605,0.0466835730664794,8,0.311 ± 0.047
TS_shift,0.5,Lasso,0.9911545106561304,0.0017911734040470875,8,0.991 ± 0.002
TS_shift,0.5,MLP,0.42391466467557404,0.008328125043676207,8,0.424 ± 0.008
TS_shift,0.5,NBEATSx,0.6037722644075312,0.01934230959691332,8,0.604 ± 0.019
TS_shift,0.5,TC,0.6657331213473299,0.12597008367526874,8,0.666 ± 0.126
TS_shift,0.5,TCTC,0.8404628214728653,0.06050037140701542,8,0.840 ± 0.061
TS_shift,0.5,TCTCTC,0.8984396150222591,0.04222542946439941,8,0.898 ± 0.042
TS_shift,0.5,TCTCTCTC,0.9178749304620129,0.03434707951550782,8,0.918 ± 0.034
TS_shift,0.5,TFT,0.591098181477272,0.07959633182362669,8,0.591 ± 0.080
TS_shift,0.5,TT,0.8981252954285565,0.04567151232231599,8,0.898 ± 0.046
TS_shift,0.5,TheoC,,,0,—
TS_shift,0.5,TiDE,0.005188496140789724,0.022468410104934434,8,0.005 ± 0.022
fea_cond,0.02,CC,0.05339147888110212,0.01717745699129843,8,0.053 ± 0.017
fea_cond,0.02,CT,0.05347951075285505,0.06110236170585408,8,0.053 ± 0.061
fea_cond,0.02,CTCT,0.05351211134129474,0.04028177684169764,8,0.054 ± 0.040
fea_cond,0.02,GlobalLSTM,0.00307328408397465,0.005538133397080657,8,0.003 ± 0.006
fea_cond,0.02,Lasso,0.0015939860318154122,0.008088121068014247,8,0.002 ± 0.008
fea_cond,0.02,MLP,-0.0019910839155131,0.007916113484142392,8,-0.002 ± 0.008
fea_cond,0.02,NBEATSx,0.016302429892069637,0.017710518737132665,8,0.016 ± 0.018
fea_cond,0.02,TC,0.07034097591477818,0.059355004717462634,8,0.070 ± 0.059
fea_cond,0.02,TCTC,0.03605086640260398,0.02193699569093628,8,0.036 ± 0.022
fea_cond,0.02,TCTCTC,0.055528976761769676,0.020095743050088717,8,0.056 ± 0.020
fea_cond,0.02,TCTCTCTC,0.04435004283972841,0.04131350945004989,8,0.044 ± 0.041
fea_cond,0.02,TFT,0.0401043470691771,0.02961403410686123,8,0.040 ± 0.030
fea_cond,0.02,TT,0.07677936899049273,0.07197262733430154,8,0.077 ± 0.072
fea_cond,0.02,TheoC,,,0,—
fea_cond,0.02,TiDE,0.015916487018905502,0.027151227538814906,8,0.016 ± 0.027
fea_cond,0.05,CC,0.19261684878160826,0.05735317530468814,8,0.193 ± 0.057
fea_cond,0.05,CT,0.16861736946478295,0.062442930077184614,8,0.169 ± 0.062
fea_cond,0.05,CTCT,0.17677361711824333,0.10042437704590837,8,0.177 ± 0.100
fea_cond,0.05,GlobalLSTM,0.0030282251355082373,0.005817453798904099,8,0.003 ± 0.006
fea_cond,0.05,Lasso,0.001860219340913525,0.007983076196253713,8,0.002 ± 0.008
fea_cond,0.05,MLP,-0.0016073679727857753,0.008037437832346199,8,-0.002 ± 0.008
fea_cond,0.05,NBEATSx,0.04644418537450627,0.018229315176489205,8,0.046 ± 0.018
fea_cond,0.05,TC,0.185559915472862,0.07332671369344668,8,0.186 ± 0.073
fea_cond,0.05,TCTC,0.14585091199728034,0.06839221099855976,8,0.146 ± 0.068
fea_cond,0.05,TCTCTC,0.2919228182514745,0.06376863026698587,8,0.292 ± 0.064
fea_cond,0.05,TCTCTCTC,0.17055596450050878,0.0991760959059907,8,0.171 ± 0.099
fea_cond,0.05,TFT,0.06531715206179933,0.03546574295965526,8,0.065 ± 0.035
fea_cond,0.05,TT,0.25541473760117983,0.15012188551383238,8,0.255 ± 0.150
fea_cond,0.05,TheoC,,,0,—
fea_cond,0.05,TiDE,0.015856243465524063,0.02698244887362097,8,0.016 ± 0.027
fea_cond,0.1,CC,0.4672531605281337,0.06905451224585522,8,0.467 ± 0.069
fea_cond,0.1,CT,0.4628767677469391,0.054235505657198896,8,0.463 ± 0.054
fea_cond,0.1,CTCT,0.5007581588674302,0.10750712254550808,8,0.501 ± 0.108
fea_cond,0.1,GlobalLSTM,0.0033605447196584375,0.005179716657577882,8,0.003 ± 0.005
fea_cond,0.1,Lasso,0.00152439822702555,0.007799175205886647,8,0.002 ± 0.008
fea_cond,0.1,MLP,-0.0012280907300689,0.007926655035382733,8,-0.001 ± 0.008
fea_cond,0.1,NBEATSx,0.0845268062355763,0.021167590667200368,8,0.085 ± 0.021
fea_cond,0.1,TC,0.4795783281196209,0.07245952672099372,8,0.480 ± 0.072
fea_cond,0.1,TCTC,0.4966050625141391,0.06334134364517593,8,0.497 ± 0.063
fea_cond,0.1,TCTCTC,0.5108566066462135,0.053825414374734766,8,0.511 ± 0.054
fea_cond,0.1,TCTCTCTC,0.5108641068860617,0.0935776956028611,8,0.511 ± 0.094
fea_cond,0.1,TFT,0.13001627052129863,0.028737990506181147,8,0.130 ± 0.029
fea_cond,0.1,TT,0.5855051862245932,0.06785080110759382,8,0.586 ± 0.068
fea_cond,0.1,TheoC,,,0,—
fea_cond,0.1,TiDE,0.0157234404477574,0.026768980292146784,8,0.016 ± 0.027
fea_cond,0.2,CC,0.7062577101477964,0.05139098217264499,8,0.706 ± 0.051
fea_cond,0.2,CT,0.7210063780087049,0.05183536203098714,8,0.721 ± 0.052
fea_cond,0.2,CTCT,0.7370335300187016,0.04072398795830295,8,0.737 ± 0.041
fea_cond,0.2,GlobalLSTM,0.0056046830371983625,0.006895743920195883,8,0.006 ± 0.007
fea_cond,0.2,Lasso,0.00221076677973265,0.0075328919193334044,8,0.002 ± 0.008
fea_cond,0.2,MLP,-0.00041833207504595,0.008484180167587967,8,-0.000 ± 0.008
fea_cond,0.2,NBEATSx,0.1595624755079214,0.013815984591282906,8,0.160 ± 0.014
fea_cond,0.2,TC,0.7264989019848642,0.05893021631825831,8,0.726 ± 0.059
fea_cond,0.2,TCTC,0.7325357648499038,0.04199377421899845,8,0.733 ± 0.042
fea_cond,0.2,TCTCTC,0.726805204272113,0.04473809717549598,8,0.727 ± 0.045
fea_cond,0.2,TCTCTCTC,0.7326197930559304,0.05503171707745557,8,0.733 ± 0.055
fea_cond,0.2,TFT,0.2689806562560086,0.02853798268893563,8,0.269 ± 0.029
fea_cond,0.2,TT,0.7587672284532531,0.04425390254888632,8,0.759 ± 0.044
fea_cond,0.2,TheoC,,,0,—
fea_cond,0.2,TiDE,0.015178382203177375,0.026240224085968968,8,0.015 ± 0.026
fea_cond,0.5,CC,0.8537874449579295,0.04088161144518278,8,0.854 ± 0.041
fea_cond,0.5,CT,0.8719273596494757,0.03779396116692068,8,0.872 ± 0.038
fea_cond,0.5,CTCT,0.8526573602425056,0.04159270891748938,8,0.853 ± 0.042
fea_cond,0.5,GlobalLSTM,0.013990127082242974,0.010361715523412408,8,0.014 ± 0.010
fea_cond,0.5,Lasso,0.001255433486205825,0.0078106660993805385,8,0.001 ± 0.008
fea_cond,0.5,MLP,0.0013813631621815551,0.00818633755459394,8,0.001 ± 0.008
fea_cond,0.5,NBEATSx,0.39010216020214594,0.028332204361658345,8,0.390 ± 0.028
fea_cond,0.5,TC,0.8722806915112988,0.04329452828656082,8,0.872 ± 0.043
fea_cond,0.5,TCTC,0.8463059765881433,0.03898880896590809,8,0.846 ± 0.039
fea_cond,0.5,TCTCTC,0.8440623905159113,0.03658951163045267,8,0.844 ± 0.037
fea_cond,0.5,TCTCTCTC,0.8439295987582476,0.03282230498859576,8,0.844 ± 0.033
fea_cond,0.5,TFT,0.5631713691893627,0.021148521744590462,8,0.563 ± 0.021
fea_cond,0.5,TT,0.8849770727708258,0.030817430605742505,8,0.885 ± 0.031
fea_cond,0.5,TheoC,,,0,—
fea_cond,0.5,TiDE,0.01293644605902735,0.023468298881767245,8,0.013 ± 0.023
lin,0.02,CC,0.2823575150374506,0.2141044368886506,8,0.282 ± 0.214
lin,0.02,CT,0.16378007359351143,0.13248187139645798,8,0.164 ± 0.132
lin,0.02,CTCT,0.2539423823023631,0.16403089543473257,8,0.254 ± 0.164
lin,0.02,GlobalLSTM,0.017562970200072314,0.020509295752548656,8,0.018 ± 0.021
lin,0.02,Lasso,0.004456159432137388,0.010826710132868936,8,0.004 ± 0.011
lin,0.02,MLP,0.013966562296833875,0.010915625771077454,8,0.014 ± 0.011
lin,0.02,NBEATSx,0.012579242243954538,0.022595760667856207,8,0.013 ± 0.023
lin,0.02,TC,0.26352847186566003,0.21573377314833192,8,0.264 ± 0.216
lin,0.02,TCTC,0.19033088608814117,0.1673190100419182,8,0.190 ± 0.167
lin,0.02,TCTCTC,0.3421166093127152,0.23835692556873475,8,0.342 ± 0.238
lin,0.02,TCTCTCTC,0.2807400992227402,0.23497207574878493,8,0.281 ± 0.235
lin,0.02,TFT,0.044086462389583664,0.032898442945258295,8,0.044 ± 0.033
lin,0.02,TT,0.3973190304124355,0.16083792642688105,8,0.397 ± 0.161
lin,0.02,TheoC,0.02,0.0,8,0.020 ± 0.000
lin,0.02,TiDE,0.0018683386506532377,0.014515238235044844,8,0.002 ± 0.015
lin,0.05,CC,0.6051699197591685,0.1607468722713693,8,0.605 ± 0.161
lin,0.05,CT,0.6324531249174141,0.10164232426350593,8,0.632 ± 0.102
lin,0.05,CTCT,0.7381429327901678,0.06575276487480516,8,0.738 ± 0.066
lin,0.05,GlobalLSTM,0.049979919588853186,0.021822706595349184,8,0.050 ± 0.022
lin,0.05,Lasso,0.030342871957847926,0.030595204089398923,8,0.030 ± 0.031
lin,0.05,MLP,0.044969995080652574,0.010637773403859022,8,0.045 ± 0.011
lin,0.05,NBEATSx,0.05485366989164717,0.02591535048618047,8,0.055 ± 0.026
lin,0.05,TC,0.607698482364185,0.11075148918565127,8,0.608 ± 0.111
lin,0.05,TCTC,0.7616276858304625,0.04544545963307695,8,0.762 ± 0.045
lin,0.05,TCTCTC,0.674581686886431,0.16751406512462233,8,0.675 ± 0.168
lin,0.05,TCTCTCTC,0.760199935565244,0.08595334586063277,8,0.760 ± 0.086
lin,0.05,TFT,0.10160835979917823,0.027933484236592004,8,0.102 ± 0.028
lin,0.05,TT,0.633820186608389,0.14442172858540256,8,0.634 ± 0.144
lin,0.05,TheoC,0.05,0.0,8,0.050 ± 0.000
lin,0.05,TiDE,0.0016289199611108744,0.014133943296903128,8,0.002 ± 0.014
lin,0.1,CC,0.8963298583141809,0.02097085766112996,8,0.896 ± 0.021
lin,0.1,CT,0.8883656383829087,0.036776176153055264,8,0.888 ± 0.037
lin,0.1,CTCT,0.9151397676223166,0.02838682276949913,8,0.915 ± 0.028
lin,0.1,GlobalLSTM,0.11840518598514474,0.03144062312441358,8,0.118 ± 0.031
lin,0.1,Lasso,0.2606007534651636,0.07156767055005601,8,0.261 ± 0.072
lin,0.1,MLP,0.09572782591732946,0.010494858116215582,8,0.096 ± 0.010
lin,0.1,NBEATSx,0.11905712827730734,0.03260645936746303,8,0.119 ± 0.033
lin,0.1,TC,0.8847431673885344,0.024513052061850338,8,0.885 ± 0.025
lin,0.1,TCTC,0.9047278004642262,0.017814849829752375,8,0.905 ± 0.018
lin,0.1,TCTCTC,0.9255566578342236,0.018230981225355054,8,0.926 ± 0.018
lin,0.1,TCTCTCTC,0.9200655016642068,0.01600156583090854,8,0.920 ± 0.016
lin,0.1,TFT,0.2188795166863617,0.043659437468830956,8,0.219 ± 0.044
lin,0.1,TT,0.8797276535118899,0.05011724002251186,8,0.880 ± 0.050
lin,0.1,TheoC,0.1,0.0,8,0.100 ± 0.000
lin,0.1,TiDE,0.0011099967955519497,0.013359664007156222,8,0.001 ± 0.013
lin,0.2,CC,0.9675722809576597,0.005840134447431553,8,0.968 ± 0.006
lin,0.2,CT,0.9698299560057866,0.0050823143600372414,8,0.970 ± 0.005
lin,0.2,CTCT,0.9741662699078993,0.006043605524589427,8,0.974 ± 0.006
lin,0.2,GlobalLSTM,0.337443223505209,0.01958111290285503,8,0.337 ± 0.020
lin,0.2,Lasso,0.845979060564009,0.02248022389844782,8,0.846 ± 0.022
lin,0.2,MLP,0.1921621683039687,0.00936224019032013,8,0.192 ± 0.009
lin,0.2,NBEATSx,0.25622779243478905,0.01897821994638594,8,0.256 ± 0.019
lin,0.2,TC,0.9639923783968525,0.009355465644428629,8,0.964 ± 0.009
lin,0.2,TCTC,0.9686556024118682,0.009959762684620578,8,0.969 ± 0.010
lin,0.2,TCTCTC,0.9716308362856546,0.004959050314255877,8,0.972 ± 0.005
lin,0.2,TCTCTCTC,0.9691710146511897,0.00816855312122455,8,0.969 ± 0.008
lin,0.2,TFT,0.43081357632828143,0.02792977345484636,8,0.431 ± 0.028
lin,0.2,TT,0.9606451438698128,0.009236280805193332,8,0.961 ± 0.009
lin,0.2,TheoC,0.2,0.0,8,0.200 ± 0.000
lin,0.2,TiDE,0.00020795940604637466,0.011808532767392861,8,0.000 ± 0.012
lin,0.5,CC,0.9897936303351969,0.0007589544662987755,8,0.990 ± 0.001
lin,0.5,CT,0.9908995323573976,0.0017405312824623227,8,0.991 ± 0.002
lin,0.5,CTCT,0.9904004575420465,0.000978277385236585,8,0.990 ± 0.001
lin,0.5,GlobalLSTM,0.8614447308274016,0.010435393754056676,8,0.861 ± 0.010
lin,0.5,Lasso,0.9910018400871854,0.0014267477915434466,8,0.991 ± 0.001
lin,0.5,MLP,0.42388009009020766,0.00760203958525221,8,0.424 ± 0.008
lin,0.5,NBEATSx,0.611062539263342,0.013755908650321516,8,0.611 ± 0.014
lin,0.5,TC,0.990190940368705,0.001824198738900444,8,0.990 ± 0.002
lin,0.5,TCTC,0.9895376920028013,0.001287183461731404,8,0.990 ± 0.001
lin,0.5,TCTCTC,0.9910955826522869,0.0011358273233479494,8,0.991 ± 0.001
lin,0.5,TCTCTCTC,0.9891142864797535,0.0022549902802423893,8,0.989 ± 0.002
lin,0.5,TFT,0.7857925501516941,0.015646856228492188,8,0.786 ± 0.016
lin,0.5,TT,0.9906784561489455,0.0016378714155430034,8,0.991 ± 0.002
lin,0.5,TheoC,0.5,0.0,8,0.500 ± 0.000
lin,0.5,TiDE,-0.0023082805138015623,0.007762827876053806,8,-0.002 ± 0.008
superposition,0.02,CC,0.07936407145961145,0.06471443738311801,8,0.079 ± 0.065
superposition,0.02,CT,0.056958446072129874,0.10554102829264989,8,0.057 ± 0.106
superposition,0.02,CTCT,0.11436407397242755,0.061497749830281896,8,0.114 ± 0.061
superposition,0.02,GlobalLSTM,0.0150963452858895,0.010076579549905876,8,0.015 ± 0.010
superposition,0.02,Lasso,0.0031555097483664126,0.007932222897861028,8,0.003 ± 0.008
superposition,0.02,MLP,0.024704524043235462,0.012343422160759026,8,0.025 ± 0.012
superposition,0.02,NBEATSx,0.012583832039591063,0.016901113185033362,8,0.013 ± 0.017
superposition,0.02,TC,0.12533370867975796,0.10135060999118574,8,0.125 ± 0.101
superposition,0.02,TCTC,0.08600516887105693,0.07217332973184594,8,0.086 ± 0.072
superposition,0.02,TCTCTC,0.0936900947544464,0.0827890065167381,8,0.094 ± 0.083
superposition,0.02,TCTCTCTC,0.09354386419035476,0.05616101574940692,8,0.094 ± 0.056
superposition,0.02,TFT,0.021975170950814676,0.02625266434163913,8,0.022 ± 0.026
superposition,0.02,TT,0.09065972654580343,0.1008162773785497,8,0.091 ± 0.101
superposition,0.02,TheoC,,,0,—
superposition,0.02,TiDE,0.010127433478048325,0.007509006737056248,8,0.010 ± 0.008
superposition,0.05,CC,0.16544716572430535,0.09695748006275057,8,0.165 ± 0.097
superposition,0.05,CT,0.2162497153259956,0.08559891373016346,8,0.216 ± 0.086
superposition,0.05,CTCT,0.24529774431046497,0.09991364176466157,8,0.245 ± 0.100
superposition,0.05,GlobalLSTM,0.03638446436987284,0.011158662853810385,8,0.036 ± 0.011
superposition,0.05,Lasso,0.03388255250331364,0.026156474316280837,8,0.034 ± 0.026
superposition,0.05,MLP,0.047459421388662125,0.009740585534981699,8,0.047 ± 0.010
superposition,0.05,NBEATSx,0.036447770787336915,0.012400895192666713,8,0.036 ± 0.012
superposition,0.05,TC,0.2402939629954866,0.07322159245846964,8,0.240 ± 0.073
superposition,0.05,TCTC,0.25217178417336905,0.07977173501884058,8,0.252 ± 0.080
superposition,0.05,TCTCTC,0.20364520304832287,0.13155994464003212,8,0.204 ± 0.132
superposition,0.05,TCTCTCTC,0.2147799787693244,0.08436316245024733,8,0.215 ± 0.084
superposition,0.05,TFT,0.049729600457990776,0.03986893266964559,8,0.050 ± 0.040
superposition,0.05,TT,0.23590571403443605,0.0672715739203352,8,0.236 ± 0.067
superposition,0.05,TheoC,,,0,—
superposition,0.05,TiDE,0.008095339595294787,0.01466933550274709,8,0.008 ± 0.015
superposition,0.1,CC,0.3615243531176094,0.024853276618295957,8,0.362 ± 0.025
superposition,0.1,CT,0.3634674567792573,0.07067216961397903,8,0.363 ± 0.071
superposition,0.1,CTCT,0.372750494377338,0.04066299759346298,8,0.373 ± 0.041
superposition,0.1,GlobalLSTM,0.07472125046969201,0.012125727631121287,8,0.075 ± 0.012
superposition,0.1,Lasso,0.2729734532116061,0.046687303997009835,8,0.273 ± 0.047
superposition,0.1,MLP,0.08766894262534114,0.010893663829476334,8,0.088 ± 0.011
superposition,0.1,NBEATSx,0.0846982666241827,0.02662556479441674,7,0.085 ± 0.027
superposition,0.1,TC,0.3503194703707337,0.08850501113298753,8,0.350 ± 0.089
superposition,0.1,TCTC,0.36284606278971887,0.03162244273577905,8,0.363 ± 0.032
superposition,0.1,TCTCTC,0.39477973535743016,0.04020874286257513,8,0.395 ± 0.040
superposition,0.1,TCTCTCTC,0.3851131303938135,0.03877832646131688,8,0.385 ± 0.039
superposition,0.1,TFT,0.08178853095365406,0.02296777405936972,7,0.082 ± 0.023
superposition,0.1,TT,0.38701221571547023,0.06918139442174397,8,0.387 ± 0.069
superposition,0.1,TheoC,,,0,—
superposition,0.1,TiDE,0.006087918814839514,0.011742597439013345,7,0.006 ± 0.012
superposition,0.2,CC,0.5428709360299432,0.02804404858196486,7,0.543 ± 0.028
superposition,0.2,CT,0.637883289506731,0.04178731153580769,7,0.638 ± 0.042
superposition,0.2,CTCT,0.6004719331872072,0.06980487980685059,7,0.600 ± 0.070
superposition,0.2,GlobalLSTM,0.1644236379568549,0.019874992718550873,7,0.164 ± 0.020
superposition,0.2,Lasso,0.7600122862369668,0.016568850518330284,7,0.760 ± 0.017
superposition,0.2,MLP,0.15994381314414588,0.010814831588089843,7,0.160 ± 0.011
superposition,0.2,NBEATSx,0.15110220920059517,0.027364075102546154,7,0.151 ± 0.027
superposition,0.2,TC,0.6163558485220898,0.08522993890144145,7,0.616 ± 0.085
superposition,0.2,TCTC,0.6053829308217598,0.05941143527996437,7,0.605 ± 0.059
superposition,0.2,TCTCTC,0.5703089060378916,0.05572439044902908,7,0.570 ± 0.056
superposition,0.2,TCTCTCTC,0.5834536351288727,0.07103667696035494,7,0.583 ± 0.071
superposition,0.2,TFT,0.1726940503293908,0.02900374698815785,7,0.173 ± 0.029
superposition,0.2,TT,0.5902796360718829,0.05348946360770866,7,0.590 ± 0.053
superposition,0.2,TheoC,,,0,—
superposition,0.2,TiDE,-0.0015961434096878574,0.01282540586845483,7,-0.002 ± 0.013
superposition,0.5,CC,0.7049292261095824,0.0062426601033439685,7,0.705 ± 0.006
superposition,0.5,CT,0.8290033081964587,0.003834359565264506,7,0.829 ± 0.004
superposition,0.5,CTCT,0.8199438876231041,0.009856279441249324,7,0.820 ± 0.010
superposition,0.5,GlobalLSTM,0.4617898642167037,0.0352310583274827,7,0.462 ± 0.035
superposition,0.5,Lasso,0.8853345554358274,0.0019128655372389364,7,0.885 ± 0.002
superposition,0.5,MLP,0.35039382534037483,0.01038719831787004,7,0.350 ± 0.010
superposition,0.5,NBEATSx,0.3369259592172212,0.013136549588818406,7,0.337 ± 0.013
superposition,0.5,TC,0.8266452689172586,0.006860976952132335,7,0.827 ± 0.007
superposition,0.5,TCTC,0.8249032246201674,0.003996184667218667,7,0.825 ± 0.004
superposition,0.5,TCTCTC,0.8120258463304302,0.010840129924966042,7,0.812 ± 0.011
superposition,0.5,TCTCTCTC,0.8108124460005622,0.019073813188291735,7,0.811 ± 0.019
superposition,0.5,TFT,0.38845851720717484,0.05014217137086165,7,0.388 ± 0.050
superposition,0.5,TT,0.7241319680515733,0.004706007809625495,7,0.724 ± 0.005
superposition,0.5,TheoC,,,0,—
superposition,0.5,TiDE,0.008893932949602513,0.015999330909293306,7,0.009 ± 0.016
